SEQ,DATE,TIME,FLOCKNAME,FLOCK,TREATMENT,RAPTOR,FOCALBIRD,SEX,VEG,HEIGHT,PREDDIST,PRED ANGLE,OBS DIST,PRED PERCH HEIGHT,FB FLIGHT ANGLE,SPALARMCALL,ALARM CALLER DISTANCE,FLIGHT DISTANCE,Alarm_Call,NoAlarmCall,Alarm Latency Focal Bird,Focal Bird,NonFocal Bird,TRIAL,Alarm Total,Urgent Total,SIZE
360,18-Jun-16,15:54,GY,6,PAUN FAR,PAUN,THAR,M,OPEN,4,16,45,17,7,8,THAR,NA,3,0,1,NA,1,0,BEFORE,0,0,large
361,18-Jun-16,15:54,GY,6,PAUN FAR,PAUN,THAR,M,OPEN,4,16,45,17,7,8,THAR,NA,3,0,1,1.172,1,0,POST,2,0,large
284,19-Jul-16,14:33,YO,16,ACBI FAR,ACBI,THSY,M,OPEN,2,11,80,12,8,8,THSY,NA,14,0,1,NA,1,0,BEFORE,0,0,small
266,18-Jul-16,13:52,TNT,14,PAUN NEAR,PAUN,THAR,M,OPEN,1,1.5,0,11,5,9,THAR,NA,13,0,1,NA,1,NA,BEFORE,0,0,large
267,18-Jul-16,13:52,TNT,14,PAUN NEAR,PAUN,THAR,M,OPEN,1,1.5,0,11,5,9,THAR,NA,13,0,1,NA,1,0,POST,0,0,large
281,19-Jul-16,13:40,AH,1,ACBI MED,ACBI,THSY,F,COVERD,1,7,90,7,6,2,THSY,NA,15,0,1,NA,1,0,BEFORE,0,0,small
282,19-Jul-16,13:40,AH,1,ACBI MED,ACBI,THSY,F,COVERD,1,7,90,7,6,2,THSY,NA,15,0,1,NA,1,0,POST,0,0,small
264,18-Jul-16,13:13,ST,13,PAUN NEAR,PAUN,THSY,M,OPEN,8,4,0,8,3,7,THSY,NA,4,0,1,NA,1,0,BEFORE,0,0,large
265,18-Jul-16,13:13,ST,13,PAUN NEAR,PAUN,THSY,M,OPEN,8,4,0,8,3,7,THSY,NA,4,0,1,5,1,0,POST,1,0,large
279,19-Jul-16,13:06,CAPTIN,4,ACBI MED,ACBI,THSY,F,COVERD,6,7,80,13,0,4,THSY,NA,8,0,1,NA,1,0,BEFORE,11,0,small
277,19-Jul-16,12:31,BY,2,ACBI NEAR,ACBI,THAR,F,OPEN,2,3,0,8,15,9,THAR,NA,22,0,1,NA,0,0,BEFORE,0,0,small
278,19-Jul-16,12:31,BY,2,ACBI NEAR,ACBI,THAR,F,OPEN,2,3,0,8,15,9,THAR,NA,22,0,1,1.381,1,0,POST,1,1,small
262,18-Jul-16,12:11,YO,16,PAUN NEAR,PAUN,THSY,M,COVERD,8,3.5,0,9,5,6,THSY,NA,6,0,1,NA,1,0,BEFORE,NA,NA,large
242,16-Jul-16,11:43,ROSY,12,CONTROL,CONTROL,THSY,F,OPEN,8,3,10,15,NA,NA,THSY,NA,10,0,1,NA,1,0,BEFORE,8,2,NA
243,16-Jul-16,11:43,ROSY,12,CONTROL,CONTROL,THSY,F,OPEN,8,3,10,15,NA,NA,THSY,NA,10,0,1,4.316,1,0,POST,4,0,NA
260,18-Jul-16,11:25,O ,8,PAUN FAR,PAUN,THSY,M,OPEN,8,9,90,9,10,3,THSY,NA,NA,0,1,NA,1,0,BEFORE,0,0,large
275,19-Jul-16,11:00,O,8,PAUN FAR,PAUN,THSY,F,COVERD,10,9,5,12,6,9,THSY,NA,9,0,1,NA,1,0,BEFORE,0,0,large
276,19-Jul-16,11:00,O,8,PAUN FAR,PAUN,THSY,F,COVERD,10,9,5,12,6,9,THSY,NA,9,0,1,NA,1,0,POST,0,0,large
362,17-Jun-16,10:48,GY,6,CONTROL,PAUN,THAR,M,OPEN,8,12,0,15,NA,NA,THAR,NA,8,0,1,NA,1,0,BEFORE,0,0,large
363,17-Jun-16,10:48,GY,6,CONTROL,PAUN,THAR,M,OPEN,8,12,0,15,NA,NA,THAR,NA,8,0,1,NA,1,0,POST,0,0,large
349,19-Jul-16,10:30,GB,5,ACBI NEAR,ACBI,THAR,M,OPEN,4,4,5,12,NA,8,THAR,NA,12,0,1,NA,1,0,BEFORE,49,42,small
350,19-Jul-16,10:30,GB,5,ACBI NEAR,ACBI,THAR,M,OPEN,4,4,5,12,NA,8,THAR,NA,12,1,0,0.747,1,0,POST,4,4,small
240,16-Jul-16,10:13,RED,10,PAUN NEAR,PAUN,THAR,F,OPEN,0.5,2,0,8,4,3,THAR,NA,6,0,1,NA,1,0,BEFORE,0,0,large
258,18-Jul-16,10:05,PLATFORM,9,FAFE NEAR,FAFE,THSY,F,OPEN,7,2,0,8,Flying,7,THSY,NA,30,0,1,NA,1,0,BEFORE,0,0,NA
272,19-Jul-16,9:57,ROSY,12,PAUN MED,PAUN,THSY,M,OPEN,11,5,0,9,3,9,THSY,NA,4,0,1,NA,1,0,BEFORE,0,0,large
238,16-Jul-16,9:39,GB,5,PAUN MED,PAUN,THAR,F,COVERED,4,5,0,11,4,3,THAR,NA,10,0,1,NA,1,0,BEFORE,7,0,large
256,18-Jul-16,9:32,CAP2,3,FAFE NEAR,FAFE,THSY,F,OPEN,8,3,5,7,7,6,THSY,NA,30,0,1,NA,1,0,BEFORE,0,0,NA
254,18-Jul-16,8:43,CAPTIN,4,FAFE MED,FAFE,THSY,M,OPEN,2,6.5,70,10,4,NA,THSY,NA,30,0,1,NA,1,0,BEFORE,0,0,NA
255,18-Jul-16,8:43,CAPTIN,4,FAFE MED,FAFE,THSY,M,OPEN,2,6.5,70,10,4,NA,THSY,NA,30,0,1,2.43,1,0,POST,1,0,NA
270,19-Jul-16,8:18,TNT,14,PAUN MED,PAUN,THAR,M,OPEN,5,7,10,17,5,7,THAR,NA,9,0,1,0,0,0,BEFORE,0,0,large
271,19-Jul-16,8:18,TNT,14,PAUN MED,PAUN,THAR,M,OPEN,5,7,10,17,5,7,THAR,NA,9,0,1,1.264,0,1,POST,NA,NA,large
251,18-Jul-16,8:02,AH,1,FAFE FAR,FAFE,THSY,F,COVERD,17,10,5,,8,10,THSY,NA,7,0,1,NA,1,0,BEFORE,0,0,NA
252,18-Jul-16,8:02,AH,1,FAFE FAR,FAFE,THSY,F,COVERD,17,10,5,,8,10,THSY,NA,7,0,1,NA,1,0,POST,0,0,NA
366,20-Jun-16,7:48,MONKARI,7,FAFE NEAR,FAFE,THAR,M,OPEN,9,3,90,13,NA,NA,THAR,NA,4,0,1,NA,1,0,BEFORE,1,0,NA
291,20-Jul-16,7:38,RO,11,FAFE FAR,FAFE,THAR,M,OPEN,11,12,90,12,15,4,THAR,NA,30,0,1,NA,1,0,BEFORE,0,0,NA
292,20-Jul-16,7:38,RO,11,FAFE FAR,FAFE,THAR,M,OPEN,11,12,90,12,15,4,THAR,NA,30,0,1,2.922,1,0,POST,2,1,NA
268,19-Jul-16,7:08,ST,13,PAUN FAR,PAUN,THSY,M,COVERD,1.5,11,80,11,4,4,THSY,NA,11,0,1,NA,1,0,BEFORE,0,0,large
288,20-Jul-16,7:02,RED,10,FAFE FAR,FAFE,THAR,F,OPEN,3,11,80,9,10,4,THAR,NA,12,0,1,NA,1,0,BEFORE,0,0,NA
289,20-Jul-16,7:02,RED,10,FAFE FAR,FAFE,THAR,F,OPEN,3,11,80,9,10,4,THAR,NA,12,0,1,2.75,1,0,POST,2,1,NA
286,20-Jul-16,6:48,ST,13,CONTROL,CONTROL,THSY,F,OPEN,12,9,20,14,4,4,THSY,NA,5,0,1,NA,1,0,BEFORE,0,0,NA
287,20-Jul-16,6:48,ST,13,CONTROL,CONTROL,THSY,F,OPEN,12,9,20,14,4,4,THSY,NA,5,0,1,NA,1,0,POST,0,0,NA
247,18-Jul-16,6:43,BY,2,FAFE NEAR,FAFE,THAR,F,OPEN,6.5,2,7, ,5,10,THAR,NA,40,0,1,NA,1,0,BEFORE,4,0,NA
387,15-Jun-16,16:04,RO,11,PAUN FAR,PAUN,THAR,M,OPEN,6,9,45,13,6,NA,THAR,NA,4,0,1,NA,1,0,BEFORE,0,0,large
388,15-Jun-16,16:04,RO,11,PAUN FAR,PAUN,THAR,M,OPEN,6,9,45,13,6,NA,THAR,NA,4,1,0,0.056,1,0,POST,3,3,large
218,14-Jul-16,15:44,YO,16,FAFE FAR,FAFE,THSY,M,COVERED,6,12,60,14,7,3,THSY,NA,12,0,1,NA,1,0,BEFORE,0,0,NA
219,14-Jul-16,15:44,YO,16,FAFE FAR,FAFE,THSY,M,COVERED,6,12,60,14,7,3,THSY,NA,12,1,0,1.262,1,0,POST,3,1,NA
169,9-Jul-16,15:32,MONKARI,7,PAUN MED,PAUN,THAR,F,COVERED,1.5,7,0,11,5,NA,THAR,NA,8,0,1,NA,1,0,BEFORE,1,0,large
170,9-Jul-16,15:32,MONKARI,7,PAUN MED,PAUN,THAR,F,COVERED,1.5,7,0,11,5,NA,THAR,NA,8,0,1,1.73,1,0,POST,2,0,large
188,11-Jul-16,15:30,PLATFORM,9,ACBI NEAR,ACBI,THSY,M,COVERED,2.5,2,0,12,1.5,NA,THSY,NA,12,0,1,NA,1,0,BEFORE,0,0,small
189,11-Jul-16,15:30,PLATFORM,9,ACBI NEAR,ACBI,THSY,M,COVERED,2.5,2,0,12,1.5,NA,THSY,NA,12,1,0,0.363,1,0,POST,7,3,small
210,13-Jul-16,15:18,CAP2,3,ACBI FAR,ACBI,THSY,F,COVERED,2,12,80,12,12,NA,THSY,NA,17,0,1,NA,1,0,BEFORE,0,0,small
211,13-Jul-16,15:18,CAP2,3,ACBI FAR,ACBI,THSY,F,COVERED,2,12,80,12,12,NA,THSY,NA,17,1,0,0.185,1,0,POST,10,7,small
354,14-Jun-16,15:17,GB,5,CONTROL,CONTROL,THAR,M,OPEN,5,5,0,NA,NA,NA,THAR,NA,NA,0,1,NA,1,0,BEFORE,0,0,NA
355,14-Jun-16,15:17,GB,5,CONTROL,CONTROL,THAR,M,OPEN,5,5,0,NA,NA,NA,THAR,NA,NA,0,1,NA,1,0,POST,0,0,NA
200,12-Jul-16,15:11,TNT,14,CONTROL,CONTROL,THAR,M,OPEN,2,2,0,13,NA,4,THAR,NA,10,0,1,0,1,0,BEFORE,0,0,NA
201,12-Jul-16,15:11,TNT,14,CONTROL,CONTROL,THAR,M,OPEN,2,2,0,13,NA,4,THAR,NA,10,0,1,0.469,1,0,POST,1,1,NA
167,9-Jul-16,15:07,YO,16,PAUN FAR,PAUN,THSY,M,COVERED,9,12,0,9,13,NA,THSY,NA,10,0,1,NA,1,0,BEFORE,0,0,large
168,9-Jul-16,15:07,YO,16,PAUN FAR,PAUN,THSY,M,COVERED,9,12,0,9,13,NA,THSY,NA,10,0,1,0,1,0,POST,0,0,large
232,15-Jul-16,15:00,O ,8,ACBI NEAR,ACBI,THSY,F,OPEN,1.5,2.5,0,11,8,NA,THSY,4,13,0,1,NA,1,0,BEFORE,0,0,small
233,15-Jul-16,15:00,O ,8,ACBI NEAR,ACBI,THSY,F,OPEN,1.5,2.5,0,11,8,NA,THSY,4,13,1,0,NA,1,0,POST,0,0,small
234,15-Jul-16,15:00,O ,8,ACBI NEAR,ACBI,THSY,F,OPEN,1.5,2.5,0,11,8,NA,THSY,4,13,1,0,0.755,0,1,POST,20,5,small
319,21-Jul-16,14:54,AH,1,PAUN NEAR,PAUN,THSY,F,COVERD,8,3,0,10,7,10,THSY,NA,12,0,1,NA,1,0,BEFORE,0,0,large
320,21-Jul-16,14:54,AH,1,PAUN NEAR,PAUN,THSY,F,COVERD,8,3,0,10,7,10,THSY,NA,12,0,1,NA,1,0,POST,0,0,large
216,14-Jul-16,14:47,O,8,FAFE FAR,FAFE,THSY,M,COVERED,3,12,20,14,0,6,THSY,NA,30,0,1,NA,1,0,BEFORE,0,0,NA
217,14-Jul-16,14:47,O,8,FAFE FAR,FAFE,THSY,M,COVERED,3,12,20,14,0,6,THSY,NA,30,1,0,0.919,1,0,POST,22,6,NA
285,19-Jul-16,14:33,YO,16,ACBI FAR,ACBI,THSY,M,OPEN,2,11,80,12,8,8,THSY,NA,14,1,0,1.095,1,0,POST,3,1,small
186,11-Jul-16,14:20,AH,1,ACBI FAR,ACBI,THSY,M,COVERED,4,10,45,12,7,NA,THSY,NA,14,0,1,NA,1,0,BEFORE,0,0,small
187,11-Jul-16,14:20,AH,1,ACBI FAR,ACBI,THSY,M,COVERED,4,10,45,12,7,NA,THSY,NA,14,1,0,0.217,1,0,POST,8,3,small
230,15-Jul-16,14:20,YO,16,ACBI NEAR,ACBI,THSY,M,COVERED,5,2.5,10,0,8,3,THSY,NA,13,0,1,NA,1,0,BEFORE,0,0,small
231,15-Jul-16,14:20,YO,16,ACBI NEAR,ACBI,THSY,M,COVERED,5,2.5,10,0,8,3,THSY,NA,13,1,0,0.491,1,0,POST,4,3,small
304,20-Jul-16,14:04,BY,2,ACBI FAR,ACBI,THAR,F,OPEN,1,11,50,12,10,1,THAR,NA,14,0,1,NA,1,0,BEFORE,0,0,small
305,20-Jul-16,14:04,BY,2,ACBI FAR,ACBI,THAR,F,OPEN,1,11,50,12,10,1,THAR,NA,14,0,1,4.572,1,0,POST,1,0,small
49,29-Jun-16,14:00,RO ,11,PAUN NEAR,PAUN,THAR,F,COVERED,4,3.5,0,13,6,NA,THAR,NA,10,0,1,NA,1,0,BEFORE,0,0,large
50,29-Jun-16,14:00,RO ,11,PAUN NEAR,PAUN,THAR,F,COVERED,4,3.5,0,13,6,NA,THAR,NA,10,1,0,1.31,1,0,POST,2,1,large
198,12-Jul-16,13:58,ROSY,12,PAUN FAR,PAUN,THSY,M,COVERED,3,10,90,8,5,NA,THSY,NA,7,0,1,NA,1,0,BEFORE,0,0,large
199,12-Jul-16,13:58,ROSY,12,PAUN FAR,PAUN,THSY,M,COVERED,3,10,90,8,5,NA,THSY,NA,7,0,1,0.895,1,0,POST,1,0,large
40,28-Jun-16,13:51,ST,13,ACBI NEAR,ACBI,THSY,M,COVERED,3,2,15,8,7,8,THSY,NA,20,0,1,NA,1,0,BEFORE,0,0,small
41,28-Jun-16,13:51,ST,13,ACBI NEAR,ACBI,THSY,M,COVERED,3,2,15,8,7,8,THSY,NA,20,1,0,0.979,1,0,POST,4,4,small
42,28-Jun-16,13:51,ST,13,ACBI NEAR,ACBI,THSY,M,COVERED,3,2,15,8,7,8,THSY,NA,20,0,1,NA,0,1,BEFORE,0,0,small
43,28-Jun-16,13:51,ST,13,ACBI NEAR,ACBI,THSY,M,COVERED,3,2,15,8,7,8,THSY,NA,20,1,0,1.369,0,1,POST,21,3,small
329,22-Jul-16,13:50,CAPTIN,4,PAUN NEAR,PAUN,THSY,F,COVERD,2.5,3.5,0,11,2.5,4,THSY,NA,8.5,0,1,NA,1,0,BEFORE,0,0,large
330,22-Jul-16,13:50,CAPTIN,4,PAUN NEAR,PAUN,THSY,F,COVERD,2.5,3.5,0,11,2.5,4,THSY,NA,8.5,0,1,NA,1,0,POST,0,0,large
283,19-Jul-16,13:40,AH,1,ACBI MED,ACBI,THSY,F,COVERD,1,7,90,7,6,2,THSY,NA,15,1,0,1.75,0,1,POST,NA,NA,small
228,15-Jul-16,13:26,RO,11,ACBI MED,ACBI,THAR,F,OPEN,5,6,20,14,6,9,THAR,NA,14,0,1,NA,1,0,BEFORE,0,0,small
229,15-Jul-16,13:26,RO,11,ACBI MED,ACBI,THAR,F,OPEN,5,6,20,14,6,9,THAR,NA,14,1,0,0.334,1,0,POST,4,4,small
165,9-Jul-16,13:23,BY,2,PAUN MED,PAUN,THAR,F,OPEN,5,8,0,8,12,NA,THAR,NA,12,0,1,NA,1,0,BEFORE,0,0,large
166,9-Jul-16,13:23,BY,2,PAUN MED,PAUN,THAR,F,OPEN,5,8,0,8,12,NA,THAR,NA,12,0,1,NA,1,0,POST,0,0,large
75,1-Jul-16,13:20,PLATFORM,9,PAUN MED,PAUN,THSY,M,COVERED,1.5,7,0,10,5,3,THSY,NA,7,0,1,NA,1,0,BEFORE,0,0,large
76,1-Jul-16,13:20,PLATFORM,9,PAUN MED,PAUN,THSY,M,COVERED,1.5,7,0,10,5,3,THSY,NA,7,1,0,0.85,1,0,POST,2,2,large
77,1-Jul-16,13:20,PLATFORM,9,PAUN MED,PAUN,THSY,M,COVERED,1.5,7,0,10,5,3,THSY,NA,7,1,0,0.125,0,1,POST,2,1,large
62,30-Jun-16,13:17,GY,6,ACBI NEAR,ACBI,THAR,M,COVERED,4,3,0,16,6,7,THAR,NA,16,0,1,NA,1,0,BEFORE,0,0,small
63,30-Jun-16,13:17,GY,6,ACBI NEAR,ACBI,THAR,M,COVERED,4,3,0,16,6,7,THAR,NA,16,1,0,0.587,1,0,POST,4,4,small
379,21-Jun-16,13:15,WR,15,ACBI,ACBI,THAR,F,OPEN,4,6,30,13,10,NA,THAR,NA,19,0,1,NA,1,0,BEFORE,0,0,small
380,21-Jun-16,13:15,WR,15,ACBI,ACBI,THAR,F,OPEN,4,6,30,13,10,NA,THAR,NA,19,0,1,NA,1,0,POST,0,0,small
23,25-Jun-16,13:10,GY,6,ACBI FAR,ACBI,THAR,M,COVERED,5,10,70,12,4,NA,THAR,NA,NA,0,1,NA,1,0,BEFORE,0,0,small
24,25-Jun-16,13:10,GY,6,ACBI FAR,ACBI,THAR,M,COVERED,5,10,70,12,4,NA,THAR,NA,NA,0,1,NA,1,0,POST,0,0,small
327,22-Jul-16,13:08,PLATFORM,9,PAUN NEAR,PAUN,THSY,F,COVERD,4,3,0,15,3,7,THSY,NA,9,0,1,NA,1,0,BEFORE,0,0,large
328,22-Jul-16,13:08,PLATFORM,9,PAUN NEAR,PAUN,THSY,F,COVERD,4,3,0,15,3,7,THSY,NA,9,0,1,NA,1,0,POST,0,0,large
137,6-Jul-16,13:07,CAP2,3,CONTROL,CONTROL,THSY,F,COVERED,1,2,0,14,NA,NA,THSY,NA,12,0,1,NA,1,0,BEFORE,0,0,NA
138,6-Jul-16,13:07,CAP2,3,CONTROL,CONTROL,THSY,F,COVERED,1,2,0,14,NA,NA,THSY,NA,12,1,0,0.058,1,0,POST,2,2,NA
280,19-Jul-16,13:06,CAPTIN,4,ACBI MED,ACBI,THSY,F,COVERD,6,7,80,13,0,4,THSY,NA,8,1,0,1.83,1,0,POST,15,0,small
382,19-Jun-16,13:00,WR,15,FAFE FAR,FAFE,THAR,M,CLOSED,5,10,90,NA,NA,NA,THAR,NA,13,0,1,NA,1,0,BEFORE,0,0,NA
383,19-Jun-16,13:00,WR,15,FAFE FAR,FAFE,THAR,M,CLOSED,5,10,90,NA,NA,NA,THAR,NA,13,0,1,NA,1,0,POST,0,0,NA
196,12-Jul-16,12:51,GY,6,PAUN MED,PAUN,THAR,M,COVERED,2,7,0,14,8,NA,THAR,NA,9,0,1,NA,1,0,BEFORE,0,0,large
197,12-Jul-16,12:51,GY,6,PAUN MED,PAUN,THAR,M,COVERED,2,7,0,14,8,NA,THAR,NA,9,0,1,NA,1,0,POST,0,0,large
90,2-Jul-16,12:48,PLATFORM,9,ACBI MED,ACBI,THSY,M,COVERED,3,6,0,15,7,4,THSY,NA,12,0,1,NA,1,0,BEFORE,10,1,small
91,2-Jul-16,12:48,PLATFORM,9,ACBI MED,ACBI,THSY,M,COVERED,3,6,0,15,7,4,THSY,NA,12,1,0,0.425,1,0,POST,20,6,small
116,5-Jul-16,12:48,MONKARI,7,CONTROL,CONTROL,THAR,M,CLOSED,11,11,0,17,NA,4,THAR,NA,17,0,1,NA,1,0,BEFORE,0,0,NA
117,5-Jul-16,12:48,MONKARI,7,CONTROL,CONTROL,THAR,M,CLOSED,11,11,0,17,NA,4,THAR,NA,17,0,1,1.96,1,0,POST,1,0,NA
98,4-Jul-16,12:45,CAPTIN,4,FAFE FAR,FAFE,THSY,M,COVERED,4,10,0,14,4.5,6,THSY,NA,5,0,1,NA,1,0,BEFORE,0,0,NA
99,4-Jul-16,12:45,CAPTIN,4,FAFE FAR,FAFE,THSY,M,COVERED,4,10,0,14,4.5,6,THSY,NA,5,1,0,0.81,1,0,POST,3,3,NA
73,1-Jul-16,12:36,WR,15,PAUN FAR,PAUN,THAR,F,OPEN,2,12,0,18,4,NA,THAR,NA,7,0,1,NA,1,0,BEFORE,0,0,large
74,1-Jul-16,12:36,WR,15,PAUN FAR,PAUN,THAR,F,OPEN,2,12,0,18,4,NA,THAR,NA,7,0,1,NA,1,0,POST,1,0,large
152,8-Jul-16,12:23,GY,6,FAFE NEAR,FAFE,THAR,M,OPEN,6,2,NA,NA,7,5,THAR,6,NA,0,1,NA,1,0,BEFORE,0,0,NA
153,8-Jul-16,12:23,GY,6,FAFE NEAR,FAFE,THAR,M,OPEN,6,2,NA,NA,7,5,THAR,6,NA,1,0,0.834,1,0,POST,8,8,NA
134,6-Jul-16,12:20,YO,16,ACBI MED,ACBI,THSY,M,COVERED,12,8,0,17,4,8,THSY,NA,15,0,1,0,1,0,BEFORE,0,0,small
135,6-Jul-16,12:20,YO,16,ACBI MED,ACBI,THSY,M,COVERED,12,8,0,17,4,8,THSY,NA,15,0,1,0,1,0,BEFORE,0,0,small
114,5-Jul-16,12:19,GY,6,FAFE FAR,FAFE,THAR,M,OPEN,3.5,11,20,17,7,8,THAR,NA,6,0,1,NA,1,0,BEFORE,1,0,NA
115,5-Jul-16,12:19,GY,6,FAFE FAR,FAFE,THAR,M,OPEN,3.5,11,20,17,7,8,THAR,NA,6,1,0,0.895,1,0,POST,3,3,NA
21,25-Jun-16,12:15,GB,5,ACBI MED,ACBI,THAR,M,COVERED,1,6,20,11,5,NA,THAR,NA,NA,0,1,NA,1,0,BEFORE,0,0,small
22,25-Jun-16,12:15,GB,5,ACBI MED,ACBI,THAR,M,COVERED,1,6,20,11,5,NA,THAR,NA,NA,1,0,0.148,1,0,POST,2,2,small
38,28-Jun-16,12:15,RED,10,ACBI NEAR,ACBI,THAR,M,OPEN,7,5,0,13,7,NA,THAR,NA,17,0,1,NA,1,0,BEFORE,0,0,small
39,28-Jun-16,12:15,RED,10,ACBI NEAR,ACBI,THAR,M,OPEN,7,5,0,13,7,NA,THAR,NA,17,0,1,2.77,1,0,POST,1,0,small
317,21-Jul-16,12:12,CAPTIN,4,ACBI FAR,ACBI,THSY,M,OPEN,3,10,30,12,9,6,THSY,NA,21,0,1,NA,1,0,BEFORE,0,0,small
318,21-Jul-16,12:12,CAPTIN,4,ACBI FAR,ACBI,THSY,M,OPEN,3,10,30,12,9,6,THSY,NA,21,1,0,NA,1,0,POST,7,4,small
263,18-Jul-16,12:11,YO,16,PAUN NEAR,PAUN,THSY,M,COVERD,8,3.5,0,9,5,6,THSY,NA,6,1,0,NA,1,0,POST,NA,NA,large
325,22-Jul-16,12:05,TNT,14,PAUN FAR,PAUN,THAR,M,OPEN,1,13,90,13,6,6,THAR,NA,13,0,1,NA,1,0,BEFORE,0,0,large
326,22-Jul-16,12:05,TNT,14,PAUN FAR,PAUN,THAR,M,OPEN,1,13,90,13,6,6,THAR,NA,13,1,0,0.313,1,0,POST,2,2,large
47,29-Jun-16,12:04,MONKARI,7,PAUN NEAR,PAUN,THAR,F,OPEN,3,3,20,13,3,4,THAR  ,5,11,0,1,NA,1,0,BEFORE,1,0,large
48,29-Jun-16,12:04,MONKARI,7,PAUN NEAR,PAUN,THAR,F,OPEN,3,3,20,13,3,4,THAR  ,5,11,1,0,0.512,1,0,POST,5,5,large
149,8-Jul-16,11:56,ROSY,12,FAFE MED,FAFE,THSY,M,OPEN,7,5,0,14,10,NA,THSY,NA,NA,0,1,NA,1,0,BEFORE,0,0,NA
150,8-Jul-16,11:56,ROSY,12,FAFE MED,FAFE,THSY,M,OPEN,7,5,0,14,10,NA,THSY,NA,NA,1,0,1.71,1,0,POST,5,3,NA
151,8-Jul-16,11:56,ROSY,12,FAFE MED,FAFE,THSY,M,OPEN,7,5,0,14,10,NA,THSY,NA,NA,1,0,0.344,0,1,POST,3,3,NA
302,20-Jul-16,11:53,AH,1,CONTROL,CONTROL,THSY,F,OPEN,4,8,0,18,8,1,THSY,NA,8,0,1,NA,1,0,BEFORE,0,0,NA
303,20-Jul-16,11:53,AH,1,CONTROL,CONTROL,THSY,F,OPEN,4,8,0,18,8,1,THSY,NA,8,0,1,NA,1,0,POST,0,0,NA
194,12-Jul-16,11:52,CAPTIN,4,PAUN FAR,PAUN,THSY,F,COVERED,4,11,90,10,7,6,THSY,14,10,0,1,NA,1,0,BEFORE,6,0,large
195,12-Jul-16,11:52,CAPTIN,4,PAUN FAR,PAUN,THSY,F,COVERED,4,11,90,10,7,6,THSY,14,10,1,0,0.256,1,0,POST,9,4,large
12,24-Jun-16,11:50,BY,2,FALCO FAR,FAFE,THAR,F,OPEN,5,11,0,15,4,7,THAR,NA,7,0,1,NA,1,0,BEFORE,0,0,NA
13,24-Jun-16,11:50,BY,2,FALCO FAR,FAFE,THAR,F,OPEN,5,11,0,15,4,7,THAR,NA,7,1,0,3.05,1,0,POST,5,5,NA
14,24-Jun-16,11:50,BY,2,FALCO FAR,FAFE,THAR,F,OPEN,5,11,0,15,4,7,THAR,NA,7,0,1,1.25,0,1,POST,1,0,NA
112,5-Jul-16,11:49,ROSY,12,FAFE MED,FAFE,THSY,M,COVERD,3,7,10,9,0,8,THSY,4,10,0,1,0,1,0,BEFORE,0,0,NA
113,5-Jul-16,11:49,ROSY,12,FAFE MED,FAFE,THSY,M,COVERD,3,7,10,9,0,8,THSY,4,10,0,1,4.05,1,0,POST,8,0,NA
182,11-Jul-16,11:42,MONKARI,7,ACBI FAR,ACBI,THAR,M,OPEN,4,14,90,12,10,NA,THAR,NA,13,0,1,NA,1,0,BEFORE,0,0,small
183,11-Jul-16,11:42,MONKARI,7,ACBI FAR,ACBI,THAR,M,OPEN,4,14,90,12,10,NA,THAR,NA,13,0,1,1.815,1,0,POST,1,0,small
36,28-Jun-16,11:40,GB,5,ACBI FAR,ACBI,THAR,F,COVERED,1,9,55,9,9,NA,THAR,NA,14,0,1,NA,1,0,BEFORE,0,0,small
37,28-Jun-16,11:40,GB,5,ACBI FAR,ACBI,THAR,F,COVERED,1,9,55,9,9,NA,THAR,NA,14,0,1,0.05,1,0,POST,1,1,small
88,2-Jul-16,11:40,TNT,14,ACBI MED,ACBI,THAR,M,COVERED,2,4.5,10,12,4,9,THAR,5,9,0,1,NA,1,0,BEFORE,0,0,small
89,2-Jul-16,11:40,TNT,14,ACBI MED,ACBI,THAR,M,COVERED,2,4.5,10,12,4,9,THAR,5,9,1,0,0.81,1,0,POST,2,2,small
19,25-Jun-16,11:38,ST,13,ACBI MED,ACBI,THSY,M,OPEN,1,5.5,30,13,10, NA,THSY,8,NA,0,1,NA,1,0,BEFORE,0,0,small
20,25-Jun-16,11:38,ST,13,ACBI MED,ACBI,THSY,M,OPEN,1,5.5,30,13,10, NA,THSY,8,NA,1,0,0.489,1,0,POST,9,9,small
342,21-Jun-16,11:37,BY,2,ACBI MED,ACBI,THAR,F,CLOSED,7,7,70,12,NA,4,THAR,NA,NA,0,1,NA,1,0,BEFORE,0,0,small
343,21-Jun-16,11:37,BY,2,ACBI MED,ACBI,THAR,F,CLOSED,7,7,70,12,NA,4,THAR,NA,NA,0,1,NA,1,0,BEFORE,0,0,small
226,15-Jul-16,11:36,CAPTIN,4,FAFE NEAR,FAFE,THSY,M,OPEN,6,3,0,13,8,NA,THSY,NA,13,0,1,NA,1,0,BEFORE,0,0,NA
227,15-Jul-16,11:36,CAPTIN,4,FAFE NEAR,FAFE,THSY,M,OPEN,6,3,0,13,8,NA,THSY,NA,13,1,0,0.483,1,0,POST,5,4,NA
338,23-Jul-16,11:31,CAP2,3,FAFE FAR,FAFE,THSY,M,COVERD,2,13,5,25,12,5,THSY,NA,28,0,1,NA,1,0,BEFORE,0,0,NA
339,23-Jul-16,11:31,CAP2,3,FAFE FAR,FAFE,THSY,M,COVERD,2,13,5,25,12,5,THSY,NA,28,1,0,1.709,1,0,POST,7,7,NA
300,20-Jul-16,11:26,PLATFORM,9,CONTROL,CONTROL,THSY,F,OPEN,5,3,5,10,NA,3,THSY,NA,7,0,1,NA,1,0,BEFORE,0,0,NA
301,20-Jul-16,11:26,PLATFORM,9,CONTROL,CONTROL,THSY,F,OPEN,5,3,5,10,NA,3,THSY,NA,7,0,1,NA,1,0,POST,0,0,NA
261,18-Jul-16,11:25,O ,8,PAUN FAR,PAUN,THSY,M,OPEN,8,9,90,9,10,3,THSY,NA,NA,1,0,0.455,1,0,POST,4,1,large
132,6-Jul-16,11:24,PLATFORM,9,PAUN FAR,PAUN,THSY,M,COVERED,3,10,80,12,5,NA,THSY,NA,7,0,1,NA,0,0,BEFORE,3,0,large
133,6-Jul-16,11:24,PLATFORM,9,PAUN FAR,PAUN,THSY,M,COVERED,3,10,80,12,5,NA,THSY,NA,7,1,0,0.138,1,0,POST,12,3,large
192,12-Jul-16,11:20,WR,15,PAUN FAR,PAUN,THAR,M,OPEN,4,10,0,14,5,6,THAR,check,10,0,1,NA,1,0,BEFORE,0,0,large
193,12-Jul-16,11:20,WR,15,PAUN FAR,PAUN,THAR,M,OPEN,4,10,0,14,5,6,THAR,check,10,0,1,NA,1,0,POST,0,0,large
70,1-Jul-16,11:20,CAP2,3,PAUN MED,PAUN,THSY,M,OPEN,2.5,6,0,11,4,7,THSY,NA,10,0,1,NA,1,0,BEFORE,5,0,large
71,1-Jul-16,11:20,CAP2,3,PAUN MED,PAUN,THSY,M,OPEN,2.5,6,0,11,4,7,THSY,NA,10,0,1,NA,1,0,POST,0,0,large
72,1-Jul-16,11:20,CAP2,3,PAUN MED,PAUN,THSY,M,OPEN,2.5,6,0,11,4,7,THSY,NA,10,1,0,0.375,0,1,POST,4,3,large
58,30-Jun-16,11:19,MONKARI,7,ACBI MED,ACBI,THAR,M,COVERED,3,6,10,15,13,NA,THAR,NA,16,0,1,NA,1,0,BEFORE,0,0,small
59,30-Jun-16,11:19,MONKARI,7,ACBI MED,ACBI,THAR,M,COVERED,3,6,10,15,13,NA,THAR,NA,16,1,0,0.535,1,0,POST,3,3,small
377,17-Jun-16,11:13,RO,11,CONTROL,CONTROL,THAR,F,NA,12,5,5,15,NA,NA,THAR,NA,10,0,1,NA,1,0,BEFORE,0,0,NA
378,17-Jun-16,11:13,RO,11,CONTROL,CONTROL,THAR,F,NA,12,5,5,15,NA,NA,THAR,NA,10,0,1,2.901,1,0,POST,1,0,NA
180,11-Jul-16,11:12,YO,16,ACBI FAR,ACBI,THSY,M,COVERED,2,6,40,7,1,NA,THSY,NA,10,0,1,NA,1,0,BEFORE,0,0,small
181,11-Jul-16,11:12,YO,16,ACBI FAR,ACBI,THSY,M,COVERED,2,6,40,7,1,NA,THSY,NA,10,1,0,0.859,1,0,POST,10,2,small
9,24-Jun-16,11:03,MONKARI,7,FALCO NEAR,FAFE,THAR,F,OPEN,4,4,0,15,10,7,THAR,NA,13,0,1,NA,1,0,BEFORE,1,0,NA
10,24-Jun-16,11:03,MONKARI,7,FALCO NEAR,FAFE,THAR,F,OPEN,4,4,0,15,10,7,THAR,NA,13,1,0,1.912,1,0,POST,2,2,NA
11,24-Jun-16,11:03,MONKARI,7,FALCO NEAR,FAFE,THAR,F,OPEN,4,4,0,15,10,7,THAR,NA,13,1,0,0.661,0,1,POST,0,0,NA
147,8-Jul-16,11:00,ST,13,FAFE NEAR,FAFE,THSY,M,OPEN,3,3.5,0,12,5,5,THSY,NA,12,0,1,0,1,0,BEFORE,0,0,NA
148,8-Jul-16,11:00,ST,13,FAFE NEAR,FAFE,THSY,M,OPEN,3,3.5,0,12,5,5,THSY,NA,12,1,0,0.3,1,0,POST,3,2,NA
224,15-Jul-16,11:00,PLATFORM,9,FAFE MED,FAFE,THSY,M,COVERED,5,8,10,17,check,NA,THSY,NA,18,0,1,NA,1,0,BEFORE,7,0,NA
225,15-Jul-16,11:00,PLATFORM,9,FAFE MED,FAFE,THSY,M,COVERED,5,8,10,17,check,NA,THSY,NA,18,1,0,0.818,1,0,POST,12,4,NA
315,21-Jul-16,10:51,YO,16,CONTROL,CONTROL,THSY,M,COVERD,6,7,0,19,NA,4,THSY,NA,12,0,1,NA,1,0,BEFORE,0,0,NA
316,21-Jul-16,10:51,YO,16,CONTROL,CONTROL,THSY,M,COVERD,6,7,0,19,NA,4,THSY,NA,12,0,1,NA,1,0,POST,0,0,NA
297,20-Jul-16,10:44,YO,16,FAFE MED,FAFE,THSY,M,OPEN,12,7,90,12,6,6,THSY,NA,15,0,1,NA,1,0,BEFORE,0,0,NA
298,20-Jul-16,10:44,YO,16,FAFE MED,FAFE,THSY,M,OPEN,12,7,90,12,6,6,THSY,NA,15,0,1,NA,1,0,POST,0,0,NA
299,20-Jul-16,10:44,YO,16,FAFE MED,FAFE,THSY,M,OPEN,12,7,90,12,6,6,THSY,NA,15,1,0,1.647,0,1,POST,NA,NA,NA
389,17-Jun-16,10:38,GY,6,CONTROL,CONTROL,THAR,M,NA,8,12,0,15,NA,NA,THAR,NA,8,0,1,NA,1,0,BEFORE,2,2,NA
390,17-Jun-16,10:38,GY,6,CONTROL,CONTROL,THAR,M,NA,8,12,0,15,NA,NA,THAR,NA,8,0,1,NA,1,0,POST,0,0,NA
85,2-Jul-16,10:31,ROSY,12,ACBI MED,ACBI,THSY,M,COVERED,3,7,70,11,7,NA,THSY,NA,12,0,1,NA,1,0,BEFORE,0,0,small
86,2-Jul-16,10:31,ROSY,12,ACBI MED,ACBI,THSY,M,COVERED,3,7,70,11,7,NA,THSY,NA,12,1,0,0.405,1,0,POST,6,4,small
87,2-Jul-16,10:31,ROSY,12,ACBI MED,ACBI,THSY,M,COVERED,3,7,70,11,7,NA,THSY,NA,12,0,1,1.229,0,1,POST,30,0,small
55,30-Jun-16,10:30,AH,1,ACBI FAR,ACBI,THSY,M,COVERED,3,9,30,16,13,NA,THSY,14,17,0,1,NA,0,0,BEFORE,0,0,small
56,30-Jun-16,10:30,AH,1,ACBI FAR,ACBI,THSY,M,COVERED,3,9,30,16,13,NA,THSY,14,17,0,1,NA,1,0,POST,0,0,small
57,30-Jun-16,10:30,AH,1,ACBI FAR,ACBI,THSY,M,COVERED,3,9,30,16,13,NA,THSY,14,17,1,0,0.499,0,1,POST,6,5,small
323,22-Jul-16,10:29,O,8,CONTROL,CONTROL,THSY,M,OPEN,6,8,0,20,NA,6,THSY,NA,12,0,1,NA,1,0,BEFORE,0,0,NA
324,22-Jul-16,10:29,O,8,CONTROL,CONTROL,THSY,M,OPEN,6,8,0,20,NA,6,THSY,NA,12,0,1,NA,1,0,POST,0,0,NA
207,13-Jul-16,10:27,O ,8,FAFE MED,FAFE,THSY,F,COVERED,2,7,40,12,7,3,THSY,NA,14,0,1,NA,1,0,BEFORE,0,0,NA
208,13-Jul-16,10:27,O ,8,FAFE MED,FAFE,THSY,F,COVERED,2,7,40,12,7,3,THSY,NA,14,1,0,0.301,1,0,POST,10,7,NA
209,13-Jul-16,10:27,O ,8,FAFE MED,FAFE,THSY,F,COVERED,2,7,40,12,7,3,THSY,NA,14,0,1,1.06,0,1,POST,14,0,NA
7,24-Jun-16,10:26,PLATFORM,9,FALCO NEAR,FAFE,THSY,F,COVERED,2,9,50,13,3,NA,THSY,NA,NA,0,1,NA,1,0,BEFORE,1,0,NA
8,24-Jun-16,10:26,PLATFORM,9,FALCO NEAR,FAFE,THSY,F,COVERED,2,9,50,13,3,NA,THSY,NA,NA,1,0,0.67,1,0,POST,7,3,NA
364,14-Jun-16,10:22,MONKARI,7,ACBI NEAR,ACBI,THAR,M,OPEN,4,3,0,15,5,NA,THAR,NA,NA,0,1,NA,1,0,BEFORE,0,0,small
365,14-Jun-16,10:22,MONKARI,7,ACBI NEAR,ACBI,THAR,M,OPEN,4,3,0,15,5,NA,THAR,NA,NA,1,0,1.491,1,0,POST,3,1,small
126,6-Jul-16,10:20,MONKARI,7,PAUN FAR,PAUN,THAR,F,OPEN,12,12,0,15,7,5,THAR,NA,10,0,1,NA,1,0,BEFORE,0,0,large
127,6-Jul-16,10:20,MONKARI,7,PAUN FAR,PAUN,THAR,F,OPEN,12,12,0,15,7,5,THAR,NA,10,0,1,NA,1,0,POST,1,1,large
130,6-Jul-16,10:20,MONKARI,7,PAUN FAR,PAUN,THAR,F,OPEN,12,12,0,15,7,5,THAR,NA,10,0,1,NA,0,1,BEFORE,3,0,large
131,6-Jul-16,10:20,MONKARI,7,PAUN FAR,PAUN,THAR,F,OPEN,12,12,0,15,7,5,THAR,NA,10,0,1,1.184,0,1,POST,3,0,large
110,5-Jul-16,10:19,ST,13,FAFE MED,FAFE,THSY,M,OPEN,5,5,0,13,5,6,THSY,8,8,0,1,NA,1,0,BEFORE,3,0,NA
111,5-Jul-16,10:19,ST,13,FAFE MED,FAFE,THSY,M,OPEN,5,5,0,13,5,6,THSY,8,8,1,0,0.953,1,0,POST,5,2,NA
313,21-Jul-16,10:14,O,8,ACBI MED,ACBI,THSY,F,COVERD,2,6,30,7,8,5,THSY,NA,13,0,1,NA,1,0,BEFORE,2,0,small
314,21-Jul-16,10:14,O,8,ACBI MED,ACBI,THSY,F,COVERD,2,6,30,7,8,5,THSY,NA,13,0,1,NA,1,0,POST,0,0,small
241,16-Jul-16,10:13,RED,10,PAUN NEAR,PAUN,THAR,F,OPEN,0.5,2,0,8,4,3,THAR,NA,6,1,0,0.681,1,0,POST,2,2,large
145,8-Jul-16,10:11,TNT,14,FAFE MED,FAFE,THAR,F,COVERED,6,6,40,11,6,5,THAR,8,12,0,1,NA,1,0,BEFORE,0,0,NA
146,8-Jul-16,10:11,TNT,14,FAFE MED,FAFE,THAR,F,COVERED,6,6,40,11,6,5,THAR,8,12,1,0,0.952,1,0,POST,5,4,NA
259,18-Jul-16,10:05,PLATFORM,9,FAFE NEAR,FAFE,THSY,F,OPEN,7,2,0,8,Flying,7,THAR,NA,30,1,0,1.4,1,0,POST,4,2,NA
96,4-Jul-16,10:03,BY,2,PAUN FAR,PAUN,THAR,F,OPEN,6,10,0,10,5,5,THAR,NA,10,0,1,NA,1,0,BEFORE,0,0,large
97,4-Jul-16,10:03,BY,2,PAUN FAR,PAUN,THAR,F,OPEN,6,10,0,10,5,5,THAR,NA,10,0,1,NA,1,0,POST,0,0,large
190,12-Jul-16,10:02,CAP2,3,PAUN FAR,PAUN,THSY,M,OPEN,1,12,0,14,6,8,THSY,NA,8,0,1,NA,1,0,BEFORE,0,0,large
191,12-Jul-16,10:02,CAP2,3,PAUN FAR,PAUN,THSY,M,OPEN,1,12,0,14,6,8,THSY,NA,8,1,0,0.181,1,0,POST,5,5,large
34,28-Jun-16,10:00,GY,6,ACBI NEAR,ACBI,THAR,M,OPEN,5,3,0,13,6,8,THAR,NA,13,0,1,NA,1,0,BEFORE,0,0,small
35,28-Jun-16,10:00,GY,6,ACBI NEAR,ACBI,THAR,M,OPEN,5,3,0,13,6,8,THAR,NA,13,0,1,NA,1,0,POST,0,0,small
163,9-Jul-16,10:00,CAP2,3,ACBI MED,ACBI,THSY,M,COVERED,5,6.5,20,10,NA,NA,THSY,NA,25,0,1,NA,1,0,BEFORE,3,0,small
164,9-Jul-16,10:00,CAP2,3,ACBI MED,ACBI,THSY,M,COVERED,5,6.5,20,10,NA,NA,THSY,NA,25,1,0,1.72,1,0,POST,2,1,small
273,19-Jul-16,9:57,ROSY,12,PAUN MED,PAUN,THSY,M,OPEN,11,5,0,9,3,9,THSY,NA,4,1,0,2.831,1,0,POST,3,2,large
274,19-Jul-16,9:57,ROSY,12,PAUN MED,PAUN,THSY,M,OPEN,11,5,0,9,3,9,THSY,NA,4,1,0,0.586,0,1,POST,0,0,large
340,24-Jul-16,9:43,O,8,PAUN NEAR,PAUN,THSY,M,OPEN,2.5,3,10,11,2,3,THSY,NA,12,0,1,NA,1,0,BEFORE,0,0,large
341,24-Jul-16,9:43,O,8,PAUN NEAR,PAUN,THSY,M,OPEN,2.5,3,10,11,2,3,THSY,NA,12,1,0,0.309,1,0,POST,4,4,large
222,15-Jul-16,9:42,AH,1,FAFE MED,FAFE,THSY,M,OPEN,6,5.5,0,13,25,NA,THSY,NA,25,0,1,NA,1,0,BEFORE,0,0,NA
223,15-Jul-16,9:42,AH,1,FAFE MED,FAFE,THSY,M,OPEN,6,5.5,0,13,25,NA,THSY,NA,25,1,0,0.942,1,0,POST,20,3,NA
239,16-Jul-16,9:39,GB,5,PAUN MED,PAUN,THAR,F,COVERED,4,5,0,11,4,3,THAR,NA,10,1,0,1.22,1,0,POST,3,3,large
368,21-Jul-16,9:39,RED,10,PAUN FAR,PAUN,THAR,M,OPEN,3,9,90,8,5,NA,THAR,NA,NA,0,1,NA,1,0,BEFORE,0,0,large
369,21-Jul-16,9:39,RED,10,PAUN FAR,PAUN,THAR,M,OPEN,3,9,90,8,5,NA,THAR,NA,NA,0,1,2.576,1,0,POST,2,0,large
336,23-Jul-16,9:34,O,8,ACBI FAR,ACBI,THSY,M,COVERD,7,14,90,13,7,11,THSY,NA,12,0,1,NA,1,0,BEFORE,0,0,small
337,23-Jul-16,9:34,O,8,ACBI FAR,ACBI,THSY,M,COVERD,7,14,90,13,7,11,THSY,NA,12,1,0,1.618,1,0,POST,2,1,small
370,15-Jun-16,9:33,RED,10,CONTROL,CONTROL,THAR,M,OPEN,4,2,0,14,NA,0,THAR,NA,12,0,1,NA,1,0,BEFORE,4,1,NA
371,15-Jun-16,9:33,RED,10,CONTROL,CONTROL,THAR,M,OPEN,4,2,0,14,NA,0,THAR,NA,12,0,1,1.974,1,0,POST,4,1,NA
257,18-Jul-16,9:32,CAP2,3,FAFE NEAR,FAFE,THSY,F,OPEN,8,3,5,7,7,6,THSY,NA,30,1,0,0.221,1,0,POST,18,7,NA
124,6-Jul-16,9:20,BY,2,PAUN MED,PAUN,THAR,F,OPEN,6,7.5,10,17,6,NA,THAR,NA,5,0,1,NA,1,0,BEFORE,0,0,large
125,6-Jul-16,9:20,BY,2,PAUN MED,PAUN,THAR,F,OPEN,6,7.5,10,17,6,NA,THAR,NA,5,0,1,0,1,0,POST,0,0,large
161,9-Jul-16,9:11,WR,15,ACBI FAR,ACBI,THAR,M,COVERED,3,9,0,12,5,NA,THAR,NA,NA,0,1,NA,1,0,BEFORE,0,0,small
162,9-Jul-16,9:11,WR,15,ACBI FAR,ACBI,THAR,M,COVERED,3,9,0,12,5,NA,THAR,NA,NA,0,1,NA,1,0,POST,0,0,small
108,5-Jul-16,9:10,GB,5,FAFE FAR,FAFE,THAR,F,OPEN,7,11,0,12,0,5,THAR,NA,11,0,1,NA,1,0,BEFORE,0,0,NA
109,5-Jul-16,9:10,GB,5,FAFE FAR,FAFE,THAR,F,OPEN,7,11,0,12,0,5,THAR,NA,11,0,1,2.06,1,0,POST,1,0,NA
321,22-Jul-16,9:09,ROSY,12,FAFE NEAR,FAFE,THSY,M,OPEN,9,2.5,5,11,Flying,8,THSY,NA,60,0,1,NA,1,0,BEFORE,0,0,NA
322,22-Jul-16,9:09,ROSY,12,FAFE NEAR,FAFE,THSY,M,OPEN,9,2.5,5,11,Flying,8,THSY,NA,60,1,0,0.746,1,0,POST,7,3,NA
3,24-Jun-16,9:05,CAP2,3,FALCO NEAR,FAFE,THSY,F,COVERED,3,8,20,13,NP,NA,THSY,NA,13,0,1,NA,1,0,BEFORE,0,0,NA
4,24-Jun-16,9:05,CAP2,3,FALCO NEAR,FAFE,THSY,F,COVERED,3,8,20,13,NP,NA,THSY,NA,13,0,1,NA,1,0,POST,0,0,NA
178,11-Jul-16,9:03,ST,13,FAFE FAR,FAFE,THSY,M,COVERED,2,11,90,11,9,NA,THSY,NA,75,0,1,NA,1,0,BEFORE,1,0,NA
179,11-Jul-16,9:03,ST,13,FAFE FAR,FAFE,THSY,M,COVERED,2,11,90,11,9,NA,THSY,NA,75,1,0,1.51,1,0,POST,9,5,NA
94,4-Jul-16,9:02,AH,1,PAUN FAR,PAUN,THSY,,OPEN,5,10,0,11,0,0,THSY,NA,1,0,1,NA,1,0,BEFORE,0,0,large
95,4-Jul-16,9:02,AH,1,PAUN FAR,PAUN,THSY,,OPEN,5,10,0,11,0,0,THSY,NA,1,0,1,0,1,0,POST,0,0,large
311,21-Jul-16,9:00,TNT,14,ACBI NEAR,ACBI,THAR,F,CLOSED,3,0.5,5,12,0,6,THAR,NA,19,0,1,NA,1,0,BEFORE,0,0,small
312,21-Jul-16,9:00,TNT,14,ACBI NEAR,ACBI,THAR,F,CLOSED,3,0.5,5,12,0,6,THAR,NA,19,1,0,NA,1,0,POST,0,0,small
32,28-Jun-16,9:00,TNT,14,ACBI FAR,ACBI,THAR,M,COVERED,6,10,60,14,11,NA,THAR  ,NA,10,0,1,NA,1,0,BEFORE,0,0,small
33,28-Jun-16,9:00,TNT,14,ACBI FAR,ACBI,THAR,M,COVERED,6,10,60,14,11,NA,THAR  ,NA,10,1,0,0.511,1,0,POST,4,4,small
68,1-Jul-16,8:57,YO,16,PAUN MED,PAUN,THSY,F,OPEN,4,7,90,9,4,NA,THSY,NA,NA,0,1,NA,1,0,BEFORE,0,0,large
69,1-Jul-16,8:57,YO,16,PAUN MED,PAUN,THSY,F,OPEN,4,7,90,9,4,NA,THSY,NA,NA,0,1,0.628,1,0,POST,0,0,large
293,20-Jul-16,8:50,ROSY,12,FAFE FAR,FAFE,THSY,F,COVERED,12,14,90,14,3,12,THSY,NA,30,0,1,NA,1,0,BEFORE,0,0,NA
294,20-Jul-16,8:50,ROSY,12,FAFE FAR,FAFE,THSY,F,COVERED,12,14,90,14,3,12,THSY,NA,30,1,0,1.56,1,0,POST,13,10,NA
220,15-Jul-16,8:44,WR,15,FAFE NEAR,FAFE,THAR,F,OPEN,5,3.5,0,15,10,NA,THAR,NA,40,0,1,0,1,0,BEFORE,0,0,NA
221,15-Jul-16,8:44,WR,15,FAFE NEAR,FAFE,THAR,F,OPEN,5,3.5,0,15,10,NA,THAR,NA,40,1,0,0.577,1,0,POST,2,2,NA
214,14-Jul-16,8:41,AH,1,PAUN MED,PAUN,THAR,F,OPEN,3,8,0,14,4,NA,THAR,NA,6,0,1,NA,1,0,BEFORE,0,0,large
215,14-Jul-16,8:41,AH,1,PAUN MED,PAUN,THAR,F,OPEN,3,8,0,14,4,NA,THAR,NA,6,0,1,NA,1,0,POST,0,0,large
176,11-Jul-16,8:34,GB,5,FAFE MED,FAFE,THAR,M,COVERED,2.5,6.5,30,9,10,NA,THAR,NA,18,0,1,NA,1,0,BEFORE,0,0,NA
177,11-Jul-16,8:34,GB,5,FAFE MED,FAFE,THAR,M,COVERED,2.5,6.5,30,9,10,NA,THAR,NA,18,0,1,NA,1,0,POST,0,0,NA
204,13-Jul-16,8:32,RED,10,FAFE MED,FAFE,THAR,F,OPEN,3,6,30,10,10,NA,THAR,20,13,0,1,NA,1,0,BEFORE,0,0,NA
205,13-Jul-16,8:32,RED,10,FAFE MED,FAFE,THAR,F,OPEN,3,6,30,10,10,NA,THAR,20,13,0,1,NA,1,0,POST,0,0,NA
92,4-Jul-16,8:30,CAP2,3,PAUN NEAR,PAUN,THSY,,OPEN,4,2.5,0,14,4,5,THSY,NA,11.5,0,1,NA,1,0,BEFORE,0,0,large
93,4-Jul-16,8:30,CAP2,3,PAUN NEAR,PAUN,THSY,,OPEN,4,2.5,0,14,4,5,THSY,NA,11.5,1,0,1.346,1,0,POST,11,1,large
53,30-Jun-16,8:28,WR,15,ACBI NEAR,ACBI,THAR,M,COVERED,5,3,10,15,6,5,THAR,NA,13,0,1,NA,1,0,BEFORE,1,0,small
54,30-Jun-16,8:28,WR,15,ACBI NEAR,ACBI,THAR,M,COVERED,5,3,10,15,6,5,THAR,NA,13,0,1,5.2,1,0,POST,0,0,small
333,23-Jul-16,8:26,ROSY,12,PAUN NEAR,PAUN,THSY,F,COVERD,8,3,0,9,2.5,5,THSY,NA,6,0,1,NA,1,0,BEFORE,0,0,large
334,23-Jul-16,8:26,ROSY,12,PAUN NEAR,PAUN,THSY,F,COVERD,8,3,0,9,2.5,5,THSY,NA,6,0,1,3.927,1,0,POST,6,0,large
159,9-Jul-16,8:24,PLATFORM,9,ACBI FAR,ACBI,THSY,F,COVERED,3,12,90,15,4,NA,THSY,NA,11,0,1,NA,1,0,BEFORE,0,0,small
160,9-Jul-16,8:24,PLATFORM,9,ACBI FAR,ACBI,THSY,F,COVERED,3,12,90,15,4,NA,THSY,NA,11,1,0,0.627,1,0,POST,15,5,small
105,5-Jul-16,8:17,RED,10,FAFE MED,FAFE,THAR,F,OPEN,11,0,15,12,6,,THAR,NA,15,0,1,NA,1,0,BEFORE,0,0,NA
106,5-Jul-16,8:17,RED,10,FAFE MED,FAFE,THAR,F,OPEN,11,0,15,12,6,,THAR,NA,15,1,0,1.478,1,0,POST,9,9,NA
44,29-Jun-16,8:12,YO,16,PAUN FAR,PAUN,THSY,,,9,7,0,13,5,NA,THSY,NA,6.5,0,1,NA,1,0,BEFORE,0,0,large
45,29-Jun-16,8:12,YO,16,PAUN FAR,PAUN,THSY,,,9,7,0,13,5,NA,THSY,NA,6.5,0,1,NA,1,0,POST,0,0,large
122,6-Jul-16,8:10,AH,1,PAUN MED,PAUN,THSY,M,OPEN,3,7,10,12,NA,NA,THSY,NA,5,0,1,NA,1,0,BEFORE,6,0,large
123,6-Jul-16,8:10,AH,1,PAUN MED,PAUN,THSY,M,OPEN,3,7,10,12,NA,NA,THSY,NA,5,0,1,NA,1,0,POST,0,0,large
27,27-Jun-16,8:08,GB,5,PAUN FAR,PAUN,THAR,F,COVERED,5,9,90,9,3,NA,THAR,NA,7,0,1,NA,1,0,BEFORE,1,1,large
28,27-Jun-16,8:08,GB,5,PAUN FAR,PAUN,THAR,F,COVERED,5,9,90,9,3,NA,THAR,NA,7,0,1,4.3,1,0,POST,1,0,large
66,1-Jul-16,7:56,ROSY,12,PAUN MED,PAUN,THAR,F,OPEN,13,6.5,0,10,8,NA,THAR,NA,16,0,1,NA,1,0,BEFORE,0,0,large
67,1-Jul-16,7:56,ROSY,12,PAUN MED,PAUN,THAR,F,OPEN,13,6.5,0,10,8,NA,THAR,NA,16,1,0,0.218,1,0,POST,9,9,large
143,8-Jul-16,7:53,GB,5,FAFE NEAR,FAFE,THAR,F,OPEN,13,2,0,13,13,4,THAR,NA,12,0,1,NA,1,0,BEFORE,0,0,NA
144,8-Jul-16,7:53,GB,5,FAFE NEAR,FAFE,THAR,F,OPEN,13,2,0,13,13,4,THAR,NA,12,0,1,NA,1,0,POST,0,0,NA
156,9-Jul-16,7:50,AH,1,ACBI NEAR,ACBI,THSY,F,COVERED,6,3,20,12,7,5,THSY,NA,12,0,1,NA,1,0,BEFORE,0,0,small
157,9-Jul-16,7:50,AH,1,ACBI NEAR,ACBI,THSY,F,COVERED,6,3,20,12,7,5,THSY,NA,12,1,0,1.02,1,0,POST,13,0,small
158,9-Jul-16,7:50,AH,1,ACBI NEAR,ACBI,THSY,F,COVERED,6,3,20,12,7,5,THSY,NA,12,1,0,NA,1,1,POST,7,0,small
367,20-Jun-16,7:48,MONKARI,7,FAFE NEAR,FAFE,THAR,M,OPEN,9,3,90,13,NA,NA,THAR,NA,4,1,0,0.257,1,0,POST,7,5,NA
82,2-Jul-16,7:47,YO,16,FAFE NEAR,FAFE,THSY,F,COVERED,4,2.5,10,12,4,NA,THSY,NA,9,0,1,NA,1,0,BEFORE,0,0,NA
83,2-Jul-16,7:47,YO,16,FAFE NEAR,FAFE,THSY,F,COVERED,4,2.5,10,12,4,NA,THSY,NA,9,1,0,0.69,1,0,POST,6,6,NA
84,2-Jul-16,7:47,YO,16,FAFE NEAR,FAFE,THSY,F,COVERED,4,2.5,10,12,4,NA,THSY,NA,9,0,1,2.07,0,1,POST,2,0,NA
174,11-Jul-16,7:40,TNT,14,FAFE FAR,FAFE,THAR,F,OPEN,2,10,25,15,2.5,NA,THAR,NA,8,0,1,NA,1,0,BEFORE,0,0,NA
175,11-Jul-16,7:40,TNT,14,FAFE FAR,FAFE,THAR,F,OPEN,2,10,25,15,2.5,NA,THAR,NA,8,1,0,0.216,1,0,POST,3,3,NA
308,21-Jul-16,7:35,RED,10,ACBI NEAR,ACBI,THAR,F,OPEN,5,1,0,10,6,5,THAR,NA,16,0,1,NA,1,0,BEFORE,0,0,small
309,21-Jul-16,7:35,RED,10,ACBI NEAR,ACBI,THAR,F,OPEN,5,1,0,10,6,5,THAR,NA,16,0,1,NA,1,0,POST,0,0,small
202,13-Jul-16,7:31,RO,11,FAFE NEAR,FAFE,THAR,F,CLOSED,5,2.5,90,12,NA,7,THAR,3,50,0,1,NA,1,0,BEFORE,0,0,NA
203,13-Jul-16,7:31,RO,11,FAFE NEAR,FAFE,THAR,F,CLOSED,5,2.5,90,12,NA,7,THAR,3,50,1,0,1.555,1,0,POST,5,4,NA
120,6-Jul-16,7:30,CAPTIN,4,PAUN MED,PAUN,THSY,M,COVERED,3,7,10,12,5,8,THSY,NA,5,0,1,NA,1,0,BEFORE,0,0,large
121,6-Jul-16,7:30,CAPTIN,4,PAUN MED,PAUN,THSY,M,COVERED,3,7,10,12,5,8,THSY,NA,5,0,1,NA,1,0,POST,0,0,large
51,30-Jun-16,7:26,CAP2,3,ACBI NEAR,ACBI,THSY,M,OPEN,6,3,0,18,13,5,THSY,NA,20,0,1,NA,1,0,BEFORE,0,0,small
52,30-Jun-16,7:26,CAP2,3,ACBI NEAR,ACBI,THSY,M,OPEN,6,3,0,18,13,5,THSY,NA,20,1,0,0.445,1,0,POST,6,6,small
25,27-Jun-16,7:25,RED,10,PAUN MED,PAUN,THAR,M,OPEN,3,5,45,7,0,NA,THAR,NA,5,0,1,NA,1,0,BEFORE,0,0,large
26,27-Jun-16,7:25,RED,10,PAUN MED,PAUN,THAR,M,OPEN,3,5,45,7,0,NA,THAR,NA,5,0,1,0.558,1,0,POST,1,1,large
347,14-Jun-16,7:12,BY,2,CONTROL,CONTROL,THAR,M,OPEN,4,3,10,13,,,THAR,NA,10,0,1,NA,1,0,BEFORE,3,0,NA
348,14-Jun-16,7:12,BY,2,CONTROL,CONTROL,THAR,M,OPEN,4,3,10,13,,,THAR,NA,10,0,1,NA,1,0,POST,1,0,NA
236,16-Jul-16,7:10,ST,13,PAUN MED,PAUN,THSY,M,COVERED,4,8,30,9,3,6,THSY,NA,5,0,1,NA,1,0,BEFORE,0,0,large
237,16-Jul-16,7:10,ST,13,PAUN MED,PAUN,THSY,M,COVERED,4,8,30,9,3,6,THSY,NA,5,0,1,NA,1,0,POST,0,0,large
212,14-Jul-16,7:09,BY,2,PAUN NEAR,PAUN,THAR,F,OPEN,3,1.5,90,5,6,5,THAR,NA,NA,0,1,0,1,0,BEFORE,0,0,large
213,14-Jul-16,7:09,BY,2,PAUN NEAR,PAUN,THAR,F,OPEN,3,1.5,90,5,6,5,THAR,NA,NA,1,0,0.223,1,0,POST,1,1,large
269,19-Jul-16,7:08,ST,13,PAUN FAR,PAUN,THSY,M,COVERD,1.5,11,80,11,4,4,THSY,NA,11,1,0,0.864,1,0,POST,2,1,large
1,24-Jun-16,7:06,AH,1,FALCO MED,FAFE,THSY,M,OPEN,3,3,30,13,20,4,THSY,NA,20,0,1,NA,1,0,BEFORE,0,0,NA
2,24-Jun-16,7:06,AH,1,FALCO MED,FAFE,THSY,M,OPEN,3,3,30,13,20,4,THSY,NA,20,1,0,1.104,1,0,POST,9,2,NA
139,8-Jul-16,7:03,RED,10,FAFE NEAR,FAFE,THAR,F,COVERED,3,3,25,12,FLIGHT,NA,THAR,NA,40,0,1,NA,1,0,BEFORE,0,0,NA
140,8-Jul-16,7:03,RED,10,FAFE NEAR,FAFE,THAR,F,COVERED,3,3,25,12,FLIGHT,NA,THAR,NA,40,0,1,2.19,1,0,POST,1,1,NA
141,8-Jul-16,7:03,RED,10,FAFE NEAR,FAFE,THAR,F,COVERED,3,3,25,12,FLIGHT,NA,THAR,NA,40,0,1,NA,0,1,BEFORE,NA,NA,NA
142,8-Jul-16,7:03,RED,10,FAFE NEAR,FAFE,THAR,F,COVERED,3,3,25,12,FLIGHT,NA,THAR,NA,40,1,0,0.6,0,1,POST,NA,NA,NA
345,20-Jun-16,7:01,BY,2,FAFE MED,FAFE,THAR,F,,8,7,40,12,NA,NA,THAR,NA,NA,0,1,NA,1,0,BEFORE,0,0,NA
346,20-Jun-16,7:01,BY,2,FAFE MED,FAFE,THAR,F,,8,7,40,12,NA,NA,THAR,NA,NA,0,1,0.878,1,0,POST,1,1,NA
306,21-Jul-16,7:00,ST,13,ACBI FAR,ACBI,THSY,M,COVERD,1.5,9,90,7,4,5,THSY,NA,13,0,1,NA,1,0,BEFORE,0,0,small
307,21-Jul-16,7:00,ST,13,ACBI FAR,ACBI,THSY,M,COVERD,1.5,9,90,7,4,5,THSY,NA,13,1,0,2.638,1,0,POST,3,0,small
64,1-Jul-16,6:59,RO,11,PAUN MED,PAUN,THAR,F,OPEN,3,6,10,13,6,7,THAR,NA,11,0,1,NA,1,0,BEFORE,0,0,large
65,1-Jul-16,6:59,RO,11,PAUN MED,PAUN,THAR,F,OPEN,3,6,10,13,6,7,THAR,NA,11,0,1,0.519,1,0,POST,2,0,large
80,2-Jul-16,6:56,GY,6,FAFE MED,FAFE,THAR,M,OPEN,9,6,45,17,6,8,THAR,NA,9,0,1,NA,1,0,BEFORE,0,0,NA
81,2-Jul-16,6:56,GY,6,FAFE MED,FAFE,THAR,M,OPEN,9,6,45,17,6,8,THAR,NA,9,1,0,2.559,1,0,POST,3,3,NA
375,1-Jul-16,6:56,RO,11,PAUN NEAR,PAUN,THAR,F,NA,NA,6,NA,NA,NA,NA,THAR,NA,NA,0,1,NA,1,0,BEFORE,0,0,large
376,1-Jul-16,6:56,RO,11,PAUN NEAR,PAUN,THAR,F,NA,NA,6,NA,NA,NA,NA,THAR,NA,NA,1,0,0.959,1,0,POST,4,4,large
15,28-Jun-16,6:55,ROSY,12,ACBI FAR,ACBI,THSY,M,OPEN,9,11,NA,15,5,NA,THSY,5,11,0,1,NA,0,1,BEFORE,0,0,small
16,28-Jun-16,6:55,ROSY,12,ACBI FAR,ACBI,THSY,M,OPEN,9,11,NA,15,5,NA,THSY,5,11,1,0,0.347,0,1,POST,10,9,small
385,17-Jun-16,6:52,WR,15,PAUN FAR,PAUN,THAR,F,OPEN,5,4,90,15,5,NA,THAR,NA,8,0,1,NA,1,0,BEFORE,0,0,large
386,17-Jun-16,6:52,WR,15,PAUN FAR,PAUN,THAR,F,OPEN,5,4,90,15,5,NA,THAR,NA,8,0,1,NA,1,0,POST,0,0,large
154,9-Jul-16,6:50,CAPTIN,4,CONTROL,CONTROL,THSY,M,COVERED,8,10,10,19,10,NA,THSY,NA,10,0,1,NA,1,0,BEFORE,1,0,NA
155,9-Jul-16,6:50,CAPTIN,4,CONTROL,CONTROL,THSY,M,COVERED,8,10,10,19,10,NA,THSY,NA,10,0,1,3.45,1,0,POST,10,0,NA
171,11-Jul-16,6:50,RO,11,FAFE MED,FAFE,THAR,F,OPEN,4,5.5,10,12,10,NA,THAR,NA,15,0,1,NA,1,0,BEFORE,0,0,NA
172,11-Jul-16,6:50,RO,11,FAFE MED,FAFE,THAR,F,OPEN,4,5.5,10,12,10,NA,THAR,NA,15,0,1,NA,1,0,POST,0,0,NA
173,11-Jul-16,6:50,RO,11,FAFE MED,FAFE,THAR,F,OPEN,4,5.5,10,12,10,NA,THAR,NA,15,1,0,1.177,0,1,POST,NA,NA,NA
248,18-Jul-16,6:43,BY,2,FAFE NEAR,FAFE,THAR,F,OPEN,6.5,2,7, ,5,10,THAR,NA,40,1,0,0.148,1,0,POST,18,18,NA
331,23-Jul-16,6:42,WR,15,PAUN MED,PAUN,THAR,F,OPEN,2,6,0,15,0,2,THAR,NA,8,0,1,NA,1,0,BEFORE,1,0,large
332,23-Jul-16,6:42,WR,15,PAUN MED,PAUN,THAR,F,OPEN,2,6,0,15,0,2,THAR,NA,8,0,1,4.381,1,0,POST,1,1,large
78,2-Jul-16,6:32,MONKARI,7,FALCO FAR,FAFE,THAR,F,OPEN,4,14,90,14,GROUND,NA,THAR,NA,10,0,1,NA,1,0,BEFORE,1,0,NA
79,2-Jul-16,6:32,MONKARI,7,FALCO FAR,FAFE,THAR,F,OPEN,4,14,90,14,GROUND,NA,THAR,NA,10,0,1,1.2,1,0,POST,1,0,NA
118,6-Jul-16,6:32,WR,15,PAUN FAR,PAUN,THAR,M,CLOSED,3,11,0,18,5,NA,THAR,11,6,0,1,NA,1,0,BEFORE,0,0,large
119,6-Jul-16,6:32,WR,15,PAUN FAR,PAUN,THAR,M,CLOSED,3,11,0,18,5,NA,THAR,11,6,0,1,NA,1,0,POST,0,0,large
372,22-Jun-16,6:22,RO,11,ACBI NEAR,ACBI,THAR,M,OPEN,4,3,10,12,13,NA,THAR,NA,19,0,1,NA,1,0,BEFORE,0,0,small
373,22-Jun-16,6:22,RO,11,ACBI NEAR,ACBI,THAR,M,OPEN,4,3,10,12,13,NA,THAR,NA,19,0,1,NA,1,0,POST,0,0,small
374,22-Jun-16,6:22,RO,11,ACBI NEAR,ACBI,THAR,M,OPEN,4,3,10,12,13,NA,THAR,NA,19,1,0,1.1,0,1,POST,2,2,small
17,25-Jun-16,6:21,RED,10,ACBI FAR,ACBI,THAR,M,OPEN,13,10,90,12,5,NA,THAR,6,NA,0,1,NA,1,0,BEFORE,1,0,small
18,25-Jun-16,6:21,RED,10,ACBI FAR,ACBI,THAR,M,OPEN,13,10,90,12,5,NA,THAR,6,NA,1,0,0.24,1,0,POST,5,4,small
351,21-Jun-16,6:21,GB,5,PAUN NEAR,PAUN,THAR,F,OPEN,,4,0,11,10,NA,THAR,NA,7,0,1,NA,1,0,BEFORE,0,0,large
352,21-Jun-16,6:21,GB,5,PAUN NEAR,PAUN,THAR,F,OPEN,,4,0,11,10,NA,THAR,NA,7,0,1,NA,1,0,POST,0,0,large
353,21-Jun-16,6:21,GB,5,PAUN NEAR,PAUN,THAR,F,OPEN,,4,0,11,10,NA,THAR,NA,7,1,0,Flight Call Alarm,0,1,POST,3,3,large
356,22-Jun-16,,GY,6,ACBI MED,ACBI,THAR,M,OPEN,6,5,30,12,8,NA,THAR,NA,NA,0,1,NA,1,0,BEFORE,0,0,small
357,22-Jun-16,,GY,6,ACBI MED,ACBI,THAR,M,OPEN,6,5,30,12,8,NA,THAR,NA,NA,1,0,0.795,1,0,POST,6,5,small
60,30-Jun-16,,ROSY,12,ACBI NEAR,ACBI,THSY,M,COVERED,4,2,10,10,GROUND,NA,THSY,NA,10,0,1,NA,1,0,BEFORE,8,0,small
61,30-Jun-16,,ROSY,12,ACBI NEAR,ACBI,THSY,M,COVERED,4,2,10,10,GROUND,NA,THSY,NA,10,0,1,0.37,1,0,POST,10,0,small
184,11-Jul-16,,CAPTIN,4,ACBI NEAR,ACBI,THSY,F,OPEN,7,3,0,15,5,12,THSY,NA,13,0,1,NA,1,0,BEFORE,0,0,small
185,11-Jul-16,,CAPTIN,4,ACBI NEAR,ACBI,THSY,F,OPEN,7,3,0,15,5,12,THSY,NA,13,1,0,0.532,1,0,POST,8,4,small
249,18-Jul-16,,WR,15,CONTROL,CONTROL,THAR,F,CLOSED,6,5,0,7,NA,11,THAR,NA,7,0,1,NA,1,0,BEFORE,2,2,NA
250,18-Jul-16,,WR,15,CONTROL,CONTROL,THAR,F,CLOSED,6,5,0,7,NA,11,THAR,NA,7,0,1,3.8,1,0,POST,2,2,NA
102,5-Jul-16,,TNT,14,FAFE NEAR,FAFE,THAR,M,OPEN,6,2,5,11,13,4,THAR,6,19,0,1,NA,1,0,BEFORE,0,0,NA
103,5-Jul-16,,TNT,14,FAFE NEAR,FAFE,THAR,M,OPEN,6,2,5,11,13,4,THAR,6,19,1,0,0.328,1,0,POST,3,3,NA
104,5-Jul-16,,TNT,14,FAFE NEAR,FAFE,THAR,M,OPEN,6,2,5,11,13,4,THAR,6,19,1,0,0.737,0,1,POST,6,6,NA
295,20-Jul-16,,O,8,FAFE NEAR,FAFE,THSY,M,OPEN,9,2.5,30,12,2,8,THSY,NA,30,0,1,NA,1,0,BEFORE,0,0,NA
296,20-Jul-16,,O,8,FAFE NEAR,FAFE,THSY,M,OPEN,9,2.5,30,12,2,8,THSY,NA,30,1,0,0.813,1,0,POST,8,4,NA
358,20-Jun-16,,GY,6,PAUN NEAR,PAUN,THAR,M,,9,3,8,7,4,0,THAR,NA,3,0,1,NA,1,0,BEFORE,0,0,large
359,20-Jun-16,,GY,6,PAUN NEAR,PAUN,THAR,M,,9,3,8,7,4,0,THAR,NA,3,0,1,0.3,1,0,POST,1,1,large
244,16-Jul-16,,O,8,PAUN MED,PAUN,THSY,M,OPEN,5,7,,9,3,3,THSY,NA,5,0,1,NA,1,0,BEFORE,0,0,large
245,16-Jul-16,,O,8,PAUN MED,PAUN,THSY,M,OPEN,5,7,,9,3,3,THSY,NA,5,1,0,0.688,1,0,POST,5,0,large
246,16-Jul-16,,O,8,PAUN MED,PAUN,THSY,M,OPEN,5,7,,9,3,3,THSY,NA,5,1,0,0.311,0,1,POST,NA,NA,large